Est,Year,Ai,Qr,dH,Ac,slope,dc
Columbia_river,2015.0,45.276867974,6493.996820266667,2468.04,397.10410889999997,0.00971747885161723,20.4941348558463
