Est,Year,Ai,Qr,dH,Ac,slope,dc
Nehalem_river,2015.0,2.373341779,74.49218445573334,2468.04,8.006438367,0.11982075597684479,20.4941348558463
