Est,Year,Ai,Qr,dH,Ac,slope,dc
Siuslaw_river,2015.0,0.7724172730000001,49.1580456976,2468.04,11.42073152,0.0133856718721718,21.7005441053957
