Est,Year,Ai,Qr,dH,Ac,slope,dc
Umpqua_river,2015.0,3.126499439,180.78418764326668,2468.04,27.042499637000002,0.011895568614990084,21.0047286376137
