Est,Year,Ai,Qr,dH,Ac,slope,dc
Nestucca_bay,2015.0,2.580698657,29.669447972593332,2468.04,2.261309217,0.014537779841519572,21.7005441053957
