Est,Year,Ai,Qr,dH,Ac,slope,dc
Willapa_bay,2015.0,118.77298722900001,19.267726321526666,2468.04,256.667817126,0.002747173062344718,20.4941348558463
