Est,Year,Ai,Qr,dH,Ac,slope,dc
Siletz_bay,2015.0,2.4559857259999998,39.9550705526,2468.04,4.446315904,0.016274395238323334,21.700544105395704
