Est,Year,Ai,Qr,dH,Ac,slope,dc
Smith_river,2015.0,0.8042923740000001,88.65060775573333,2468.04,2.202127619,0.005496183352341572,18.864830880067604
