Est,Year,Ai,Qr,dH,Ac,slope,dc
Coos_bay,2015.0,11.457497936000001,25.766291593044798,2468.04,41.086217136,0.006721346109838309,20.3209627081099
