Est,Year,Ai,Qr,dH,Ac,slope,dc
Alsea_bay,2015,5.310446607,38.95454197,2468.04,8.557507496,0.010423869,21.70054411
