Est,Year,Ai,Qr,dH,Ac,slope,dc
Coquille_river,2015.0,0.861972415,18.388016287153338,2468.04,6.636506091,0.01068372079239,20.3209627081099
